{"train_loss": [5.929543358020102, 5.1950254959059965, 4.903113257272851, 4.7202907612886085, 4.58854512300981], "val_loss": [5.396691703796387, 5.120845469406673, 5.007520490033286, 4.951408130781991, 4.920832056658608], "perplexity": [220.67514849007068, 167.47690638084205, 149.53350628597278, 141.37389676267892, 137.1166545608806]}