{"train_loss": [6.274527776127177, 5.044489958475111, 4.648336876777071, 4.417997555280375, 4.251812260497436, 4.12319221477907], "val_loss": [5.33910095010485, 4.95686526128224, 4.8453952516828265, 4.8101499812943596, 4.8005877188273836, 4.806995192595891], "perplexity": [208.32533120296873, 142.1475014777387, 127.15352970943064, 122.75002634457464, 121.58185246861015, 122.36338615345454]}