{"train_loss": [6.443196974804963, 5.245093328834514, 4.8264494975615415, 4.587102327479602, 4.418493626738134, 4.288690261575219, 4.184382699280848, 4.0981757026635846, 4.024626953898563], "val_loss": [5.53386720248631, 5.049071366446359, 4.8814713903835845, 4.800846779346466, 4.7647506032671245, 4.74860965524401, 4.7446811250277925, 4.74346501656941, 4.7481271624565125], "perplexity": [253.12089045419148, 155.87764404371964, 131.82448653828146, 121.61335360659612, 117.30185893911242, 115.42369418715822, 114.97113823877308, 114.83140584718382, 115.36801652032305]}