{"train_loss": [5.438576102256775, 4.021538212895393, 3.8973352909088135, 3.8198782354593277, 3.7605319768190384], "val_loss": [3.7413973212242126, 3.4515618085861206, 3.364060938358307, 3.3130069375038147, 3.2576419711112976], "perplexity": [42.15685569760224, 31.549628330534457, 28.906339714895086, 27.467594760591535, 25.988183946132217]}